formula,a_cif,a_cif_avg,a_cif_std,a_dft
Ce16Hf16O56,10.879,10.739433,0.121495,10.701
Ce16Mn16O56,10.579,10.437833,0.346674,10.458
La16Mn16O56,10.308,10.296567,0.041174,10.441
La16V16O56,10.383,10.315567,0.148930,10.493
Lu16Hf16O56,10.212,10.222967,0.034436,10.351
Lu16Zr16O56,10.297,10.264267,0.038406,10.507
Pr16Mn16O56,10.565,10.409400,0.236019,10.421
Pr16V16O56,10.705,10.610767,0.116240,10.485
Pr16Hf16O56,10.725,10.730333,0.011666,10.588
